SYMBOL,INDUSTRY
20MICRONS,Other Industrial Metals & Mining
21STCENMGM,Capital Markets
360ONE,Asset Management
3IINFOLTD,Information Technology Services
3MINDIA,Conglomerates
3PLAND,
5PAISA,Capital Markets
63MOONS,Software - Application
A2ZINFRA,Engineering & Construction
AAATECH,Information Technology Services
AAKASH,Oil & Gas Equipment & Services
AAREYDRUGS,Drug Manufacturers - Specialty & Generic
AARON,Specialty Industrial Machinery
AARTECH,
AARTIDRUGS,Drug Manufacturers - Specialty & Generic
AARTIIND,Specialty Chemicals
AARTIPHARM,Drug Manufacturers - Specialty & Generic
AARTISURF,Specialty Chemicals
AARVEEDEN,Textile Manufacturing
AARVI,Staffing & Employment Services
AAVAS,Mortgage Finance
ABAN,Oil & Gas Drilling
ABB,Specialty Industrial Machinery
ABBOTINDIA,Drug Manufacturers - General
ABCAPITAL,Financial Conglomerates
ABFRL,Apparel Manufacturing
ABMINTLLTD,Specialty Chemicals
ABSLAMC,Asset Management
ACC,Building Materials
ACCELYA,Information Technology Services
ACCURACY,Integrated Freight & Logistics
ACE,Farm & Heavy Construction Machinery
ACEINTEG,Staffing & Employment Services
ACI,Chemicals
ACL,
ACLGATI,Integrated Freight & Logistics
ADANIENSOL,Utilities - Independent Power Producers
ADANIENT,Thermal Coal
ADANIGREEN,Utilities - Renewable
ADANIPORTS,Marine Shipping
ADANIPOWER,Utilities - Independent Power Producers
ADFFOODS,Packaged Foods
ADL,"Furnishings, Fixtures & Appliances"
ADORWELD,Specialty Industrial Machinery
ADROITINFO,Information Technology Services
ADSL,Information Technology Services
ADVANIHOTR,Lodging
ADVENZYMES,Specialty Chemicals
AEGISCHEM,Oil & Gas Refining & Marketing
AEROFLEX,Metal Fabrication
AETHER,Specialty Chemicals
AFFLE,Advertising Agencies
AGARIND,Specialty Chemicals
AGI,Packaging & Containers
AGRITECH,Farm Products
AGROPHOS,Agricultural Inputs
AGSTRA,Software - Infrastructure
AHL,Capital Markets
AHLADA,Building Products & Equipment
AHLEAST,Lodging
AHLUCONT,Engineering & Construction
AIAENG,Specialty Industrial Machinery
AIRAN,Information Technology Services
AIROLAM,"Furnishings, Fixtures & Appliances"
AJANTPHARM,Drug Manufacturers - Specialty & Generic
AJMERA,Real Estate - Development
AJOONI,Packaged Foods
AKASH,Engineering & Construction
AKG,Packaged Foods
AKI,Footwear & Accessories
AKSHAR,Textile Manufacturing
AKSHARCHEM,Specialty Chemicals
AKSHOPTFBR,Communication Equipment
AKZOINDIA,Specialty Chemicals
ALANKIT,Information Technology Services
ALBERTDAVD,Drug Manufacturers - Specialty & Generic
ALEMBICLTD,Real Estate - Development
ALICON,Metal Fabrication
ALKALI,Specialty Chemicals
ALKEM,Drug Manufacturers - Specialty & Generic
ALKYLAMINE,Specialty Chemicals
ALLCARGO,Integrated Freight & Logistics
ALLSEC,Specialty Business Services
ALMONDZ,Capital Markets
ALOKINDS,Textile Manufacturing
ALPA,Drug Manufacturers - Specialty & Generic
ALPHAGEO,Oil & Gas Equipment & Services
ALPSINDUS,Textile Manufacturing
AMBER,"Furnishings, Fixtures & Appliances"
AMBICAAGAR,Household & Personal Products
AMBIKCO,Textile Manufacturing
AMBUJACEM,Building Materials
AMDIND,Packaging & Containers
AMIORG,Specialty Chemicals
AMJLAND,Real Estate - Development
AMNPLST,
AMRUTANJAN,Drug Manufacturers - Specialty & Generic
ANANDRATHI,Asset Management
ANANTRAJ,Real Estate - Development
ANDHRAPAP,Paper & Paper Products
ANDHRSUGAR,Chemicals
ANGELONE,Capital Markets
ANIKINDS,Food Distribution
ANKITMETAL,Steel
ANMOL,Thermal Coal
ANSALAPI,Real Estate - Development
ANTGRAPHIC,Packaging & Containers
ANUP,Specialty Industrial Machinery
ANURAS,Specialty Chemicals
APARINDS,Electrical Equipment & Parts
APCL,Building Materials
APCOTEXIND,Specialty Chemicals
APEX,Farm Products
APLAPOLLO,Steel
APLLTD,Drug Manufacturers - Specialty & Generic
APOLLO,Aerospace & Defense
APOLLOHOSP,Medical Care Facilities
APOLLOPIPE,Building Products & Equipment
APOLLOTYRE,Auto Parts
APOLSINHOT,Specialty Business Services
APTECHT,Education & Training Services
APTUS,Mortgage Finance
ARCHIDPLY,Lumber & Wood Production
ARCHIES,Specialty Retail
ARE&M,Electrical Equipment & Parts
ARENTERP,Other Industrial Metals & Mining
ARIES,Agricultural Inputs
ARIHANTCAP,Capital Markets
ARIHANTSUP,Real Estate - Development
ARMANFIN,Credit Services
AROGRANITE,Building Products & Equipment
ARROWGREEN,Packaging & Containers
ARSHIYA,Integrated Freight & Logistics
ARSSINFRA,Infrastructure Operations
ARTEMISMED,
ARTNIRMAN,Real Estate - Development
ARVEE,Specialty Chemicals
ARVIND,Textile Manufacturing
ARVINDFASN,Apparel Manufacturing
ARVSMART,Real Estate - Development
ASAHIINDIA,Auto Parts
ASAHISONG,Specialty Chemicals
ASAL,Auto Parts
ASALCBR,Beverages - Wineries & Distilleries
ASHAPURMIN,Other Industrial Metals & Mining
ASHIANA,Real Estate - Development
ASHIMASYN,Textile Manufacturing
ASHOKA,Engineering & Construction
ASHOKAMET,Steel
ASHOKLEY,Farm & Heavy Construction Machinery
ASIANENE,Oil & Gas Equipment & Services
ASIANHOTNR,Lodging
ASIANPAINT,Specialty Chemicals
ASIANTILES,Building Products & Equipment
ASKAUTOLTD,Auto Parts
ASMS,Information Technology Services
ASPINWALL,Farm Products
ASTEC,Agricultural Inputs
ASTERDM,Medical Care Facilities
ASTRAL,Building Products & Equipment
ASTRAMICRO,Communication Equipment
ASTRAZEN,Drug Manufacturers - Specialty & Generic
ASTRON,Paper & Paper Products
ATALREAL,Engineering & Construction
ATAM,Specialty Industrial Machinery
ATFL,Packaged Foods
ATGL,Utilities - Regulated Gas
ATL,Integrated Freight & Logistics
ATLANTAA,Infrastructure Operations
ATUL,Specialty Chemicals
ATULAUTO,Auto Manufacturers
AUBANK,Banks - Regional
AURIONPRO,Software - Infrastructure
AUROPHARMA,Drug Manufacturers - Specialty & Generic
AURUM,Information Technology Services
AUSOMENT,Capital Markets
AUTOAXLES,Auto Parts
AUTOIND,Auto Parts
AVADHSUGAR,Confectioners
AVALON,Electronic Components
AVANTIFEED,Packaged Foods
AVG,Integrated Freight & Logistics
AVONMORE,Capital Markets
AVROIND,"Furnishings, Fixtures & Appliances"
AVTNPL,Specialty Chemicals
AWHCL,Waste Management
AWL,Packaged Foods
AXISBANK,Banks - Regional
AXISCADES,Engineering & Construction
AXITA,Textile Manufacturing
AYMSYNTEX,Textile Manufacturing
AZAD,Specialty Industrial Machinery
BAFNAPH,Drug Manufacturers - Specialty & Generic
BAGFILMS,Broadcasting
BAIDFIN,Credit Services
BAJAJ-AUTO,Auto Manufacturers
BAJAJCON,Household & Personal Products
BAJAJELEC,"Furnishings, Fixtures & Appliances"
BAJAJFINSV,Financial Conglomerates
BAJAJHCARE,Drug Manufacturers - Specialty & Generic
BAJAJHIND,Confectioners
BAJAJHLDNG,Asset Management
BAJEL,
BAJFINANCE,Credit Services
BALAJITELE,Entertainment
BALAMINES,Specialty Chemicals
BALAXI,
BALKRISHNA,Packaging & Containers
BALKRISIND,Auto Parts
BALMLAWRIE,Conglomerates
BALPHARMA,Drug Manufacturers - Specialty & Generic
BALRAMCHIN,Confectioners
BANARBEADS,Footwear & Accessories
BANARISUG,Confectioners
BANCOINDIA,Auto Parts
BANDHANBNK,Banks - Regional
BANG,Apparel Manufacturing
BANKA,Pollution & Treatment Controls
BANKBARODA,Banks - Regional
BANKINDIA,Banks - Regional
BANSWRAS,Textile Manufacturing
BARBEQUE,Restaurants
BASF,Specialty Chemicals
BASML,Textile Manufacturing
BATAINDIA,Footwear & Accessories
BAYERCROP,Agricultural Inputs
BBL,Electrical Equipment & Parts
BBOX,Software - Application
BBTC,Packaged Foods
BBTCL,Packaging & Containers
BCG,Advertising Agencies
BCLIND,Household & Personal Products
BCONCEPTS,Footwear & Accessories
BDL,Aerospace & Defense
BEARDSELL,Building Products & Equipment
BECTORFOOD,Packaged Foods
BEDMUTHA,Steel
BEL,Aerospace & Defense
BEML,Conglomerates
BEPL,Chemicals
BERGEPAINT,Specialty Chemicals
BFINVEST,Asset Management
BFUTILITIE,Utilities - Renewable
BGLOBAL,Software - Application
BGRENERGY,Engineering & Construction
BHAGCHEM,Agricultural Inputs
BHAGERIA,Specialty Chemicals
BHAGYANGR,Copper
BHANDARI,Apparel Manufacturing
BHARATFORG,Auto Parts
BHARATGEAR,Auto Parts
BHARATRAS,Agricultural Inputs
BHARATWIRE,Steel
BHARTIARTL,Telecom Services
BHEL,Specialty Industrial Machinery
BIGBLOC,Building Products & Equipment
BIKAJI,Packaged Foods
BIL,Footwear & Accessories
BINANIIND,Specialty Chemicals
BIOCON,Biotechnology
BIOFILCHEM,Drug Manufacturers - Specialty & Generic
BIRLACABLE,Communication Equipment
BIRLACORPN,Building Materials
BIRLAMONEY,Capital Markets
BKMINDST,Packaging & Containers
BLAL,Farm & Heavy Construction Machinery
BLBLIMITED,Capital Markets
BLISSGVS,Drug Manufacturers - Specialty & Generic
BLKASHYAP,Engineering & Construction
BLS,Specialty Business Services
BLSE,Specialty Business Services
BLUECHIP,Capital Markets
BLUECOAST,Lodging
BLUEDART,Integrated Freight & Logistics
BLUEJET,Biotechnology
BLUESTARCO,Building Products & Equipment
BODALCHEM,Specialty Chemicals
BOHRAIND,Agricultural Inputs
BOMDYEING,Textile Manufacturing
BOROLTD,"Furnishings, Fixtures & Appliances"
BORORENEW,Packaging & Containers
BOSCHLTD,Auto Parts
BPCL,Oil & Gas Refining & Marketing
BPL,Consumer Electronics
BRIGADE,Real Estate - Development
BRITANNIA,Packaged Foods
BRNL,Infrastructure Operations
BROOKS,Drug Manufacturers - Specialty & Generic
BSE,Financial Data & Stock Exchanges
BSHSL,Agricultural Inputs
BSL,Textile Manufacturing
BSOFT,Information Technology Services
BTML,Entertainment
BURNPUR,Building Materials
BUTTERFLY,"Furnishings, Fixtures & Appliances"
BVCL,Building Materials
BYKE,Lodging
CALSOFT,Software - Application
CAMLINFINE,Specialty Chemicals
CAMPUS,Footwear & Accessories
CAMS,Information Technology Services
CANBK,Banks - Regional
CANFINHOME,Mortgage Finance
CANTABIL,Apparel Manufacturing
CAPACITE,Engineering & Construction
CAPITALSFB,Banks - Regional
CAPLIPOINT,Drug Manufacturers - Specialty & Generic
CAPTRUST,Credit Services
CARBORUNIV,Conglomerates
CAREERP,Conglomerates
CARERATING,Financial Data & Stock Exchanges
CARTRADE,Auto & Truck Dealerships
CARYSIL,"Furnishings, Fixtures & Appliances"
CASTROLIND,Oil & Gas Refining & Marketing
CCHHL,Lodging
CCL,Packaged Foods
CDSL,Capital Markets
CEATLTD,Auto Parts
CELEBRITY,Apparel Manufacturing
CELLO,"Furnishings, Fixtures & Appliances"
CENTENKA,Textile Manufacturing
CENTEXT,Aluminum
CENTRALBK,Banks - Regional
CENTRUM,Financial Conglomerates
CENTUM,Electronic Components
CENTURYPLY,Lumber & Wood Production
CENTURYTEX,Paper & Paper Products
CERA,Building Products & Equipment
CEREBRAINT,Computer Hardware
CESC,Utilities - Regulated Electric
CGCL,Credit Services
CGPOWER,Electrical Equipment & Parts
CHALET,Lodging
CHAMBLFERT,Agricultural Inputs
CHEMBOND,Specialty Chemicals
CHEMCON,Specialty Chemicals
CHEMFAB,Specialty Chemicals
CHEMPLASTS,Chemicals
CHENNPETRO,Oil & Gas Refining & Marketing
CHEVIOT,Textile Manufacturing
CHOICEIN,Capital Markets
CHOLAFIN,Credit Services
CHOLAHLDNG,Credit Services
CIEINDIA,Auto Parts
CIGNITITEC,Information Technology Services
CINELINE,Real Estate Services
CINEVISTA,Entertainment
CIPLA,Drug Manufacturers - General
CLEAN,Specialty Chemicals
CLEDUCATE,Education & Training Services
CLSEL,
CMICABLES,Electrical Equipment & Parts
CMSINFO,Specialty Business Services
COALINDIA,Thermal Coal
COASTCORP,Packaged Foods
COCHINSHIP,Aerospace & Defense
COFFEEDAY,Restaurants
COFORGE,Information Technology Services
COLPAL,Household & Personal Products
COMPINFO,Electronics & Computer Distribution
COMPUSOFT,Education & Training Services
COMSYN,Packaging & Containers
CONCOR,Railroads
CONCORDBIO,Biotechnology
CONFIPET,Oil & Gas Refining & Marketing
CONSOFINVT,Capital Markets
CONTROLPR,Business Equipment & Supplies
CORALFINAC,Real Estate Services
CORDSCABLE,Electrical Equipment & Parts
COROMANDEL,Agricultural Inputs
COSMOFIRST,Packaging & Containers
COUNCODOS,Real Estate - Development
CRAFTSMAN,Auto Parts
CREATIVE,Electronics & Computer Distribution
CREATIVEYE,Entertainment
CREDITACC,Credit Services
CREST,Financial Conglomerates
CRISIL,Financial Data & Stock Exchanges
CROMPTON,"Furnishings, Fixtures & Appliances"
CROWN,Rental & Leasing Services
CSBBANK,Banks - Regional
CSLFINANCE,Credit Services
CTE,Information Technology Services
CUB,Banks - Regional
CUBEXTUB,Copper
CUMMINSIND,Specialty Industrial Machinery
CUPID,Household & Personal Products
CYBERMEDIA,Publishing
CYBERTECH,Information Technology Services
CYIENT,Conglomerates
CYIENTDLM,Electronic Components
DABUR,Household & Personal Products
DALBHARAT,Building Materials
DALMIASUG,Confectioners
DAMODARIND,Textile Manufacturing
DANGEE,Restaurants
DATAMATICS,Information Technology Services
DATAPATTNS,Aerospace & Defense
DAVANGERE,
DBCORP,Publishing
DBL,Engineering & Construction
DBOL,Farm Products
DBREALTY,Real Estate - Development
DBSTOCKBRO,Capital Markets
DCAL,Biotechnology
DCBBANK,Banks - Regional
DCI,Electronics & Computer Distribution
DCM,Metal Fabrication
DCMFINSERV,Credit Services
DCMNVL,Textile Manufacturing
DCMSHRIRAM,Specialty Chemicals
DCMSRIND,Confectioners
DCW,Chemicals
DCXINDIA,Aerospace & Defense
DECCANCE,Building Materials
DEEPAKFERT,Chemicals
DEEPAKNTR,Chemicals
DEEPENR,Oil & Gas Equipment & Services
DEEPINDS,Oil & Gas E&P
DELHIVERY,Integrated Freight & Logistics
DELPHIFX,Capital Markets
DELTACORP,Resorts & Casinos
DELTAMAGNT,Specialty Industrial Machinery
DEN,Entertainment
DENORA,Electrical Equipment & Parts
DEVIT,Information Technology Services
DEVYANI,Restaurants
DGCONTENT,Internet Content & Information
DHAMPURSUG,Confectioners
DHANBANK,Banks - Regional
DHANI,Credit Services
DHANUKA,Agricultural Inputs
DHARMAJ,Agricultural Inputs
DHRUV,Engineering & Construction
DHUNINV,Capital Markets
DIACABS,Specialty Industrial Machinery
DIAMINESQ,Chemicals
DIAMONDYD,Packaged Foods
DICIND,Specialty Chemicals
DIGIDRIVE,
DIGISPICE,Information Technology Services
DIGJAMLMTD,
DIL,Farm & Heavy Construction Machinery
DISHTV,Entertainment
DIVGIITTS,Auto Parts
DIVISLAB,Drug Manufacturers - Specialty & Generic
DIXON,Consumer Electronics
DJML,Specialty Business Services
DLF,Real Estate - Development
DLINKINDIA,Communication Equipment
DMART,Discount Stores
DMCC,Chemicals
DNAMEDIA,Publishing
DODLA,Food Distribution
DOLATALGO,Capital Markets
DOLLAR,Apparel Manufacturing
DOLPHIN,Oil & Gas Equipment & Services
DOMS,Business Equipment & Supplies
DONEAR,Textile Manufacturing
DPABHUSHAN,Luxury Goods
DPSCLTD,Utilities - Regulated Electric
DPWIRES,Metal Fabrication
DRCSYSTEMS,Information Technology Services
DREAMFOLKS,Airports & Air Services
DREDGECORP,Engineering & Construction
DRREDDY,Drug Manufacturers - Specialty & Generic
DSSL,Information Technology Services
DTIL,Packaged Foods
DUCON,Specialty Industrial Machinery
DVL,Capital Markets
DWARKESH,Confectioners
DYCL,Electrical Equipment & Parts
DYNAMATECH,Auto Parts
DYNPRO,Specialty Chemicals
E2E,Software - Infrastructure
EASEMYTRIP,Travel Services
EASTSILK,Textile Manufacturing
ECLERX,Information Technology Services
EDELWEISS,Capital Markets
EDUCOMP,Education & Training Services
EICHERMOT,Auto Manufacturers
EIDPARRY,Agricultural Inputs
EIFFL,Packaged Foods
EIHAHOTELS,Lodging
EIHOTEL,Lodging
EIMCOELECO,Farm & Heavy Construction Machinery
EKC,Specialty Industrial Machinery
ELDEHSG,Real Estate Services
ELECON,Specialty Industrial Machinery
ELECTCAST,Steel
ELECTHERM,Steel
ELGIEQUIP,Specialty Industrial Machinery
ELGIRUBCO,Auto Parts
ELIN,Electrical Equipment & Parts
EMAMILTD,Household & Personal Products
EMAMIPAP,
EMAMIREAL,Real Estate - Development
EMIL,Internet Retail
EMKAY,Capital Markets
EMMBI,Packaging & Containers
EMSLIMITED,Engineering & Construction
EMUDHRA,Software - Application
ENDURANCE,Auto Parts
ENERGYDEV,Utilities - Regulated Electric
ENGINERSIN,Engineering & Construction
ENIL,Broadcasting
ENTERO,Medical Distribution
EPACK,Building Products & Equipment
EPIGRAL,Chemicals
EPL,Packaging & Containers
EQUIPPP,Agricultural Inputs
EQUITASBNK,Banks - Regional
ERIS,Drug Manufacturers - Specialty & Generic
EROSMEDIA,Entertainment
ESABINDIA,Tools & Accessories
ESAFSFB,Banks - Regional
ESCORTS,Farm & Heavy Construction Machinery
ESSARSHPNG,Marine Shipping
ESSENTIA,Food Distribution
ESTER,Specialty Chemicals
ETHOSLTD,Luxury Goods
EUROTEXIND,Textile Manufacturing
EVEREADY,Electrical Equipment & Parts
EVERESTIND,Building Products & Equipment
EXCEL,Conglomerates
EXCELINDUS,Specialty Chemicals
EXIDEIND,Auto Parts
EXPLEOSOL,Information Technology Services
EXXARO,Building Products & Equipment
FACT,Agricultural Inputs
FAIRCHEMOR,Specialty Chemicals
FAZE3Q,Textile Manufacturing
FCL,Specialty Chemicals
FCONSUMER,Packaged Foods
FCSSOFT,Information Technology Services
FDC,Drug Manufacturers - Specialty & Generic
FEDERALBNK,Banks - Regional
FEDFINA,Credit Services
FEL,Department Stores
FELDVR,Department Stores
FIBERWEB,Textile Manufacturing
FIEMIND,Auto Parts
FILATEX,Textile Manufacturing
FINCABLES,Electrical Equipment & Parts
FINEORG,Specialty Chemicals
FINOPB,Banks - Regional
FINPIPE,Building Products & Equipment
FIVESTAR,Credit Services
FLAIR,Business Equipment & Supplies
FLEXITUFF,Textile Manufacturing
FLFL,Apparel Manufacturing
FLUOROCHEM,Specialty Chemicals
FMGOETZE,Auto Parts
FMNL,Real Estate Services
FOCUS,"Furnishings, Fixtures & Appliances"
FOODSIN,
FORCEMOT,Auto Manufacturers
FORTIS,Medical Care Facilities
FOSECOIND,Chemicals
FRETAIL,Department Stores
FSC,Integrated Freight & Logistics
FSL,Information Technology Services
FUSION,Credit Services
GABRIEL,Auto Parts
GAEL,Packaged Foods
GAIL,Utilities - Regulated Gas
GALAXYSURF,Specialty Chemicals
GALLANTT,Steel
GANDHAR,Oil & Gas Refining & Marketing
GANDHITUBE,Metal Fabrication
GANECOS,Textile Manufacturing
GANESHBE,Specialty Chemicals
GANESHHOUC,Real Estate - Development
GANGAFORGE,Metal Fabrication
GANGESSECU,Packaged Foods
GANGOTRI,Textile Manufacturing
GARFIBRES,Textile Manufacturing
GATECH,Asset Management
GATECHDVR,Asset Management
GATEWAY,Integrated Freight & Logistics
GAYAHWS,Infrastructure Operations
GEECEE,Real Estate - Development
GEEKAYWIRE,Electrical Equipment & Parts
GENCON,Engineering & Construction
GENESYS,Software - Application
GENSOL,
GENUSPAPER,Paper & Paper Products
GENUSPOWER,Electrical Equipment & Parts
GEOJITFSL,Capital Markets
GEPIL,Engineering & Construction
GESHIP,Marine Shipping
GET&D,Specialty Industrial Machinery
GFLLIMITED,Entertainment
GFSTEELS,Steel
GHCL,Chemicals
GHCLTEXTIL,Textile Manufacturing
GICHSGFIN,Mortgage Finance
GICRE,Insurance - Reinsurance
GILLANDERS,Conglomerates
GILLETTE,Household & Personal Products
GINNIFILA,Textile Manufacturing
GIPCL,Utilities - Regulated Electric
GKWLIMITED,Specialty Business Services
GLAND,Drug Manufacturers - General
GLAXO,Drug Manufacturers - General
GLENMARK,Drug Manufacturers - Specialty & Generic
GLFL,Shell Companies
GLOBAL,Education & Training Services
GLOBALVECT,Airports & Air Services
GLOBE,Textile Manufacturing
GLOBUSSPR,Beverages - Wineries & Distilleries
GLS,Drug Manufacturers - Specialty & Generic
GMBREW,Beverages - Wineries & Distilleries
GMDCLTD,Thermal Coal
GMMPFAUDLR,Specialty Industrial Machinery
GMRINFRA,Airports & Air Services
GMRP&UI,Thermal Coal
GNA,Auto Parts
GNFC,Chemicals
GOACARBON,Specialty Chemicals
GOCLCORP,Specialty Chemicals
GOCOLORS,Apparel Retail
GODFRYPHLP,Tobacco
GODHA,Electrical Equipment & Parts
GODREJAGRO,Farm Products
GODREJCP,Household & Personal Products
GODREJIND,Conglomerates
GODREJPROP,Real Estate - Development
GOENKA,Luxury Goods
GOKEX,Apparel Manufacturing
GOKUL,Packaged Foods
GOKULAGRO,Packaged Foods
GOLDENTOBC,Tobacco
GOLDIAM,Luxury Goods
GOLDTECH,Information Technology Services
GOODLUCK,Steel
GOYALALUM,Aluminum
GPIL,Steel
GPPL,Marine Shipping
GPTHEALTH,Medical Care Facilities
GPTINFRA,Engineering & Construction
GRANULES,Drug Manufacturers - Specialty & Generic
GRAPHITE,Electrical Equipment & Parts
GRASIM,Building Materials
GRAVITA,Metal Fabrication
GREAVESCOT,Specialty Industrial Machinery
GREENLAM,"Furnishings, Fixtures & Appliances"
GREENPANEL,Lumber & Wood Production
GREENPLY,Lumber & Wood Production
GREENPOWER,Utilities - Independent Power Producers
GRINDWELL,Building Products & Equipment
GRINFRA,Engineering & Construction
GRMOVER,Packaged Foods
GROBTEA,Farm Products
GRPLTD,Auto Parts
GRSE,Aerospace & Defense
GRWRHITECH,Specialty Chemicals
GSFC,Agricultural Inputs
GSLSU,Building Materials
GSPL,Utilities - Regulated Gas
GSS,Information Technology Services
GTECJAINX,Education & Training Services
GTL,Telecom Services
GTLINFRA,Communication Equipment
GTPL,Entertainment
GUFICBIO,Drug Manufacturers - Specialty & Generic
GUJALKALI,Chemicals
GUJAPOLLO,Specialty Industrial Machinery
GUJGASLTD,Utilities - Regulated Gas
GUJRAFFIA,
GULFOILLUB,Specialty Chemicals
GULFPETRO,Oil & Gas Refining & Marketing
GULPOLY,Chemicals
GVKPIL,Utilities - Independent Power Producers
GVPTECH,Information Technology Services
HAL,Aerospace & Defense
HAPPSTMNDS,Information Technology Services
HAPPYFORGE,Metal Fabrication
HARDWYN,Building Products & Equipment
HARIOMPIPE,Steel
HARRMALAYA,Farm Products
HARSHA,Tools & Accessories
HATHWAY,Entertainment
HATSUN,Packaged Foods
HAVELLS,Electrical Equipment & Parts
HAVISHA,Lodging
HBLPOWER,Electrical Equipment & Parts
HBSL,Capital Markets
HCC,Engineering & Construction
HCG,Medical Care Facilities
HCL-INSYS,Electronics & Computer Distribution
HCLTECH,Information Technology Services
HDFCAMC,Asset Management
HDFCBANK,Banks - Regional
HDFCLIFE,Insurance - Life
HDIL,Real Estate - Diversified
HEADSUP,Apparel Retail
HECPROJECT,Engineering & Construction
HEG,Electrical Equipment & Parts
HEIDELBERG,Building Materials
HEMIPROP,Real Estate - Diversified
HERANBA,Agricultural Inputs
HERCULES,Specialty Industrial Machinery
HERITGFOOD,Packaged Foods
HEROMOTOCO,Auto Manufacturers
HESTERBIO,Drug Manufacturers - Specialty & Generic
HEUBACHIND,Specialty Chemicals
HEXATRADEX,Credit Services
HFCL,Communication Equipment
HGINFRA,Engineering & Construction
HGS,Specialty Business Services
HIKAL,Drug Manufacturers - Specialty & Generic
HIL,Building Products & Equipment
HILTON,Metal Fabrication
HIMATSEIDE,Textile Manufacturing
HINDALCO,Aluminum
HINDCOMPOS,Auto Parts
HINDCON,Specialty Chemicals
HINDCOPPER,Copper
HINDMOTORS,Auto Manufacturers
HINDNATGLS,Packaging & Containers
HINDOILEXP,Oil & Gas E&P
HINDPETRO,Oil & Gas Refining & Marketing
HINDUNILVR,Household & Personal Products
HINDWAREAP,"Furnishings, Fixtures & Appliances"
HINDZINC,Other Industrial Metals & Mining
HIRECT,Electrical Equipment & Parts
HISARMETAL,Steel
HITECH,Steel
HITECHCORP,Packaging & Containers
HITECHGEAR,Auto Parts
HLEGLAS,Specialty Industrial Machinery
HLVLTD,Lodging
HMAAGRO,Packaged Foods
HMT,Farm & Heavy Construction Machinery
HMVL,Publishing
HNDFDS,Packaged Foods
HOMEFIRST,Mortgage Finance
HONASA,Household & Personal Products
HONAUT,Electrical Equipment & Parts
HONDAPOWER,Specialty Industrial Machinery
HOVS,Information Technology Services
HPAL,Specialty Chemicals
HPIL,Specialty Chemicals
HPL,Electrical Equipment & Parts
HSCL,Specialty Chemicals
HTMEDIA,Publishing
HUBTOWN,Real Estate - Development
HUDCO,Credit Services
HUHTAMAKI,Packaging & Containers
HYBRIDFIN,Capital Markets
IBREALEST,Real Estate - Development
IBULHSGFIN,Mortgage Finance
ICDSLTD,Real Estate Services
ICEMAKE,Specialty Industrial Machinery
ICICIBANK,Banks - Regional
ICICIGI,Insurance - Diversified
ICICIPRULI,Insurance - Life
ICIL,Textile Manufacturing
ICRA,Financial Data & Stock Exchanges
IDBI,Banks - Regional
IDEA,Telecom Services
IDEAFORGE,Computer Hardware
IDFC,Asset Management
IDFCFIRSTB,Banks - Regional
IEL,Rental & Leasing Services
IEX,Capital Markets
IFBAGRO,Beverages - Wineries & Distilleries
IFBIND,"Furnishings, Fixtures & Appliances"
IFCI,Credit Services
IFGLEXPOR,Building Materials
IGARASHI,Auto Parts
IGL,Utilities - Regulated Gas
IGPL,Chemicals
IIFL,Credit Services
IIFLSEC,Capital Markets
IITL,Credit Services
IKIO,Electronic Components
IL&FSENGG,Engineering & Construction
IL&FSTRANS,Infrastructure Operations
IMAGICAA,Entertainment
IMFA,Steel
IMPAL,Auto Parts
IMPEXFERRO,Other Industrial Metals & Mining
INCREDIBLE,Steel
INDBANK,Capital Markets
INDHOTEL,Lodging
INDIACEM,Building Materials
INDIAGLYCO,Chemicals
INDIAMART,Internet Content & Information
INDIANB,Banks—Regional
INDIANCARD,Textile Manufacturing
INDIANHUME,Engineering & Construction
INDIASHLTR,Mortgage Finance
INDIGO,Airlines
INDIGOPNTS,Specialty Chemicals
INDNIPPON,Auto Parts
INDOAMIN,Chemicals
INDOBORAX,Chemicals
INDOCO,Drug Manufacturers—Specialty & Generic
INDORAMA,Textile Manufacturing
INDOSTAR,Credit Services
INDOTECH,Electrical Equipment & Parts
INDOTHAI,Capital Markets
INDOWIND,Utilities—Renewable
INDRAMEDCO,Medical Care Facilities
INDSWFTLAB,Drug Manufacturers—Specialty & Generic
INDSWFTLTD,Drug Manufacturers—Specialty & Generic
INDTERRAIN,Apparel Manufacturing
INDUSINDBK,Banks—Regional
INDUSTOWER,Telecom Services
INFIBEAM,Software—Infrastructure
INFOBEAN,Software—Application
INFOMEDIA,Shell Companies
INFY,Information Technology Services
INGERRAND,Specialty Industrial Machinery
INNOVACAP,Drug Manufacturers—Specialty & Generic
INOXGREEN,Utilities—Renewable
INOXINDIA,Specialty Industrial Machinery
INOXWIND,Specialty Industrial Machinery
INSECTICID,Agricultural Inputs
INSPIRISYS,Information Technology Services
INTELLECT,Software—Application
INTENTECH,Software—Infrastructure
INTLCONV,Specialty Industrial Machinery
INVENTURE,Capital Markets
IOB,Banks—Regional
IOC,Oil & Gas Refining & Marketing
IOLCP,Drug Manufacturers—Specialty & Generic
IONEXCHANG,Pollution & Treatment Controls
IPCALAB,Drug Manufacturers—Specialty & Generic
IPL,Agricultural Inputs
IRB,Infrastructure Operations
IRCON,Engineering & Construction
IRCTC,Railroads
IREDA,Credit Services
IRFC,Credit Services
IRIS,Software—Application
IRISDOREME,Apparel Manufacturing
IRMENERGY,Utilities—Regulated Gas
ISEC,Capital Markets
ISFT,Internet Retail
ISGEC,Specialty Industrial Machinery
ISMTLTD,Steel
ITC,Tobacco
ITDC,Lodging
ITDCEM,Engineering & Construction
ITI,Communication Equipment
IVC,Financial Conglomerates
IVP,Specialty Chemicals
IWEL,Specialty Industrial Machinery
IZMO,Software—Application
J&KBANK,Banks—Regional
JAGRAN,Publishing
JAGSNPHARM,Drug Manufacturers—Specialty & Generic
JAIBALAJI,Steel
JAICORPLTD,Specialty Chemicals
JAIPURKURT,
JAMNAAUTO,Auto Parts
JASH,Specialty Industrial Machinery
JAYAGROGN,Specialty Chemicals
JAYBARMARU,Auto Parts
JAYNECOIND,Steel
JAYSREETEA,Farm Products
JBCHEPHARM,Drug Manufacturers—Specialty & Generic
JBMA,Auto Parts
JCHAC,"Furnishings, Fixtures & Appliances"
JETAIRWAYS,Airlines
JETFREIGHT,Integrated Freight & Logistics
JHS,Household & Personal Products
JINDALPHOT,Asset Management
JINDALPOLY,Specialty Chemicals
JINDALSAW,Steel
JINDALSTEL,Steel
JINDRILL,Oil & Gas Equipment & Services
JINDWORLD,Textile Manufacturing
JIOFIN,Asset Management
JISLDVREQS,Farm & Heavy Construction Machinery
JISLJALEQS,Farm & Heavy Construction Machinery
JITFINFRA,Engineering & Construction
JKCEMENT,Building Materials
JKIL,Engineering & Construction
JKLAKSHMI,Building Materials
JKPAPER,Paper & Paper Products
JKTYRE,Auto Parts
JLHL,Medical Care Facilities
JMA,Auto Parts
JMFINANCIL,Capital Markets
JOCIL,Specialty Chemicals
JPASSOCIAT,Conglomerates
JPOLYINVST,Asset Management
JPPOWER,Utilities—Independent Power Producers
JSFB,Banks—Regional
JSL,Steel
JSWENERGY,Utilities—Independent Power Producers
JSWHL,Conglomerates
JSWINFRA,Integrated Freight & Logistics
JSWSTEEL,Steel
JTEKTINDIA,Auto Parts
JTLIND,Steel
JUBLFOOD,Restaurants
JUBLINDS,Specialty Chemicals
JUBLINGREA,Specialty Chemicals
JUBLPHARMA,Drug Manufacturers—Specialty & Generic
JUNIPER,Lodging
JUSTDIAL,Internet Content & Information
JWL,Railroads
JYOTHYLAB,Household & Personal Products
JYOTICNC,Specialty Industrial Machinery
JYOTISTRUC,Specialty Industrial Machinery
KABRAEXTRU,Specialty Industrial Machinery
KAJARIACER,Building Products & Equipment
KAKATCEM,Building Materials
KALAMANDIR,Apparel Retail
KALYANI,Auto & Truck Dealerships
KALYANIFRG,Auto Parts
KALYANKJIL,Luxury Goods
KAMATHOTEL,Lodging
KAMDHENU,Steel
KAMOPAINTS,Steel
KANANIIND,Luxury Goods
KANORICHEM,Chemicals
KANPRPLA,Packaging & Containers
KANSAINER,Specialty Chemicals
KAPSTON,Specialty Business Services
KARMAENG,Utilities—Renewable
KARURVYSYA,Banks—Regional
KAUSHALYA,Engineering & Construction
KAVVERITEL,Communication Equipment
KAYA,Household & Personal Products
KAYNES,Specialty Industrial Machinery
KBCGLOBAL,Real Estate—Development
KCP,Building Materials
KCPSUGIND,Confectioners
KDDL,Luxury Goods
KEC,Engineering & Construction
KECL,Specialty Industrial Machinery
KEEPLEARN,Education & Training Services
KEI,Electrical Equipment & Parts
KELLTONTEC,Software—Application
KERNEX,Software—Application
KESORAMIND,Building Materials
KEYFINSERV,Capital Markets
KFINTECH,Software—Application
KHADIM,Footwear & Accessories
KHAICHEM,
KHAITANLTD,"Furnishings, Fixtures & Appliances"
KHANDSE,Capital Markets
KICL,Asset Management
KILITCH,Drug Manufacturers—Specialty & Generic
KIMS,Medical Care Facilities
KINGFA,Specialty Chemicals
KIOCL,Steel
KIRIINDUS,Specialty Chemicals
KIRLOSBROS,Specialty Industrial Machinery
KIRLOSENG,Specialty Industrial Machinery
KIRLOSIND,Metal Fabrication
KIRLPNU,
KITEX,Apparel Manufacturing
KKCL,Apparel Manufacturing
KMSUGAR,Confectioners
KNRCON,Engineering & Construction
KOHINOOR,Packaged Foods
KOKUYOCMLN,Business Equipment & Supplies
KOLTEPATIL,Real Estate—Development
KOPRAN,Drug Manufacturers—General
KOTAKBANK,Banks—Regional
KOTARISUG,Confectioners
KOTHARIPET,Specialty Chemicals
KOTHARIPRO,Conglomerates
KPIGREEN,Utilities—Renewable
KPIL,Engineering & Construction
KPITTECH,Information Technology Services
KPRMILL,Textile Manufacturing
KRBL,Packaged Foods
KREBSBIO,Drug Manufacturers—Specialty & Generic
KRIDHANINF,Steel
KRISHANA,Agricultural Inputs
KRITI,Building Products & Equipment
KRITIKA,Steel
KRITINUT,Packaged Foods
KRSNAA,Diagnostics & Research
KSB,Specialty Industrial Machinery
KSCL,Agricultural Inputs
KSHITIJPOL,
KSL,Steel
KSOLVES,Software—Application
KTKBANK,Banks—Regional
KUANTUM,Paper & Paper Products
L&TFH,Credit Services
LAGNAM,Textile Manufacturing
LAKPRE,Tools & Accessories
LAL,Apparel Manufacturing
LALPATHLAB,Diagnostics & Research
LAMBODHARA,Textile Manufacturing
LANDMARK,Auto & Truck Dealerships
LAOPALA,"Furnishings, Fixtures & Appliances"
LASA,Drug Manufacturers—Specialty & Generic
LATENTVIEW,Consulting Services
LATTEYS,Specialty Industrial Machinery
LAURUSLABS,Drug Manufacturers—Specialty & Generic
LAXMICOT,Textile Manufacturing
LAXMIMACH,Specialty Industrial Machinery
LCCINFOTEC,Education & Training Services
LEMONTREE,Lodging
LEXUS,Building Products & Equipment
LFIC,Asset Management
LGBBROSLTD,Auto Parts
LGBFORGE,Metal Fabrication
LGHL,Luxury Goods
LIBAS,Apparel Manufacturing
LIBERTSHOE,Footwear & Accessories
LICHSGFIN,Mortgage Finance
LICI,Insurance—Life
LIKHITHA,Oil & Gas Equipment & Services
LINC,Business Equipment & Supplies
LINCOLN,Drug Manufacturers—Specialty & Generic
LINDEINDIA,Specialty Chemicals
LLOYDSENGG,Specialty Industrial Machinery
LLOYDSME,Steel
LODHA,Real Estate—Development
LOKESHMACH,Specialty Industrial Machinery
LORDSCHLO,Chemicals
LOTUSEYE,Medical Care Facilities
LOVABLE,Apparel Manufacturing
LOYALTEX,Textile Manufacturing
LPDC,Real Estate Services
LT,Engineering & Construction
LTFOODS,Packaged Foods
LTIM,Information Technology Services
LTTS,Information Technology Services
LUMAXIND,Auto Parts
LUMAXTECH,Auto Parts
LUPIN,Drug Manufacturers—Specialty & Generic
LUXIND,Apparel Manufacturing
LXCHEM,Specialty Chemicals
LYKALABS,Biotechnology
LYPSAGEMS,Luxury Goods
M&M,Auto Manufacturers
M&MFIN,Credit Services
MAANALU,Aluminum
MACPOWER,Specialty Industrial Machinery
MADHAV,Building Products & Equipment
MADHUCON,Engineering & Construction
MADRASFERT,Agricultural Inputs
MAGADSUGAR,Confectioners
MAGNUM,Paper & Paper Products
MAHABANK,Banks—Regional
MAHAPEXLTD,Credit Services
MAHASTEEL,Steel
MAHEPC,Farm & Heavy Construction Machinery
MAHESHWARI,Integrated Freight & Logistics
MAHLIFE,Real Estate—Development
MAHLOG,Integrated Freight & Logistics
MAHSCOOTER,Auto Parts
MAHSEAMLES,Steel
MAITHANALL,Steel
MALLCOM,Security & Protection Services
MALUPAPER,Paper & Paper Products
MANAKALUCO,Aluminum
MANAKCOAT,Metal Fabrication
MANAKSIA,Metal Fabrication
MANAKSTEEL,Steel
MANALIPETC,Specialty Chemicals
MANAPPURAM,Credit Services
MANGALAM,Drug Manufacturers—Specialty & Generic
MANGCHEFER,Agricultural Inputs
MANGLMCEM,Building Materials
MANINDS,Steel
MANINFRA,Engineering & Construction
MANKIND,Drug Manufacturers—Specialty & Generic
MANOMAY,Textile Manufacturing
MANORAMA,Packaged Foods
MANORG,Specialty Chemicals
MANUGRAPH,Specialty Industrial Machinery
MANYAVAR,Apparel Manufacturing
MAPMYINDIA,Software—Application
MARALOVER,Textile Manufacturing
MARATHON,Real Estate—Development
MARICO,Household & Personal Products
MARINE,Marine Shipping
MARKSANS,Drug Manufacturers—General
MARSHALL,Specialty Industrial Machinery
MARUTI,Auto Manufacturers
MASFIN,Credit Services
MASKINVEST,Capital Markets
MASTEK,Information Technology Services
MATRIMONY,Internet Content & Information
MAWANASUG,Confectioners
MAXESTATES,Real Estate—Development
MAXHEALTH,Medical Care Facilities
MAXIND,Medical Care Facilities
MAYURUNIQ,Textile Manufacturing
MAZDA,Specialty Industrial Machinery
MAZDOCK,Aerospace & Defense
MBAPL,Agricultural Inputs
MBECL,Engineering & Construction
MBLINFRA,Engineering & Construction
MCDOWELL-N,Beverages—Wineries & Distilleries
MCL,Copper
MCLEODRUSS,Packaged Foods
MCX,Financial Data & Stock Exchanges
MEDANTA,Medical Care Facilities
MEDIASSIST,Healthcare Plans
MEDICAMEQ,Drug Manufacturers—Specialty & Generic
MEDICO,Drug Manufacturers—Specialty & Generic
MEDPLUS,Pharmaceutical Retailers
MEGASOFT,Drug Manufacturers—Specialty & Generic
MEGASTAR,Packaged Foods
MELSTAR,Software—Application
MENONBE,Auto Parts
MEP,Infrastructure Operations
METALFORGE,Metal Fabrication
METROBRAND,Apparel Retail
METROPOLIS,Diagnostics & Research
MFSL,Insurance—Life
MGEL,Farm Products
MGL,Utilities—Regulated Gas
MHLXMIRU,Textile Manufacturing
MHRIL,Resorts & Casinos
MICEL,Electronic Components
MIDHANI,Steel
MINDACORP,Auto Parts
MINDTECK,Information Technology Services
MIRCELECTR,"Furnishings, Fixtures & Appliances"
MIRZAINT,Footwear & Accessories
MITCON,Engineering & Construction
MITTAL,Textile Manufacturing
MKPL,Packaged Foods
MMFL,Metal Fabrication
MMP,Aluminum
MMTC,Conglomerates
MODIRUBBER,Real Estate Services
MODISONLTD,Electrical Equipment & Parts
MODTHREAD,
MOHITIND,Textile Manufacturing
MOIL,Other Industrial Metals & Mining
MOKSH,Luxury Goods
MOL,Agricultural Inputs
MOLDTECH,Engineering & Construction
MOLDTKPAC,Packaging & Containers
MONARCH,Capital Markets
MONTECARLO,Apparel Manufacturing
MORARJEE,Textile Manufacturing
MOREPENLAB,Drug Manufacturers—Specialty & Generic
MOTHERSON,Auto Parts
MOTILALOFS,Capital Markets
MOTISONS,Luxury Goods
MOTOGENFIN,Real Estate Services
MPHASIS,Information Technology Services
MPSLTD,Publishing
MRF,Auto Parts
MRO-TEK,Communication Equipment
MRPL,Oil & Gas Refining & Marketing
MSPL,Steel
MSTCLTD,Conglomerates
MSUMI,Auto Parts
MTARTECH,Specialty Industrial Machinery
MTEDUCARE,Education & Training Services
MTNL,Telecom Services
MUFIN,Credit Services
MUFTI,Apparel Retail
MUKANDLTD,Steel
MUKTAARTS,Entertainment
MUNJALAU,Auto Parts
MUNJALSHOW,Auto Parts
MURUDCERA,Building Products & Equipment
MUTHOOTCAP,Credit Services
MUTHOOTFIN,Credit Services
MUTHOOTMF,Credit Services
MVGJL,Luxury Goods
NACLIND,Agricultural Inputs
NAGAFERT,Agricultural Inputs
NAGREEKCAP,Capital Markets
NAGREEKEXP,Textile Manufacturing
NAHARCAP,Capital Markets
NAHARINDUS,Textile Manufacturing
NAHARPOLY,Packaging & Containers
NAHARSPING,Textile Manufacturing
NAM-INDIA,Asset Management
NARMADA,Agricultural Inputs
NATCOPHARM,Drug Manufacturers—Specialty & Generic
NATHBIOGEN,Agricultural Inputs
NATIONALUM,Aluminum
NAUKRI,Internet Content & Information
NAVA,Conglomerates
NAVINFLUOR,Chemicals
NAVKARCORP,Integrated Freight & Logistics
NAVNETEDUL,Publishing
NAZARA,Electronic Gaming & Multimedia
NBCC,Engineering & Construction
NBIFIN,Capital Markets
NCC,Engineering & Construction
NCLIND,Building Materials
NDGL,Capital Markets
NDL,Textile Manufacturing
NDLVENTURE,Entertainment
NDRAUTO,Auto Parts
NDTV,Broadcasting
NECCLTD,Trucking
NECLIFE,Drug Manufacturers—Specialty & Generic
NELCAST,Metal Fabrication
NELCO,Communication Equipment
NEOGEN,Specialty Chemicals
NESCO,Conglomerates
NESTLEIND,Packaged Foods
NETWEB,Computer Hardware
NETWORK18,Broadcasting
NEULANDLAB,Drug Manufacturers—Specialty & Generic
NEWGEN,Software—Application
NEXTMEDIA,Broadcasting
NFL,Agricultural Inputs
NGIL,Packaged Foods
NGLFINE,Drug Manufacturers—General
NH,Medical Care Facilities
NHPC,Utilities—Renewable
NIACL,Insurance—Diversified
NIBL,Tools & Accessories
NIITLTD,Education & Training Services
NIITMTS,Education & Training Services
NILAINFRA,Real Estate—Development
NILASPACES,Real Estate—Development
NILKAMAL,"Furnishings, Fixtures & Appliances"
NINSYS,Information Technology Services
NIPPOBATRY,Electrical Equipment & Parts
NIRAJ,Engineering & Construction
NIRAJISPAT,
NITCO,Building Products & Equipment
NITINSPIN,Textile Manufacturing
NITIRAJ,Scientific & Technical Instruments
NKIND,Household & Personal Products
NLCINDIA,Utilities—Regulated Electric
NMDC,Steel
NOCIL,Specialty Chemicals
NOIDATOLL,Infrastructure Operations
NORBTEAEXP,Farm Products
NOVAAGRI,Agricultural Inputs
NRAIL,Paper & Paper Products
NRBBEARING,Auto Parts
NRL,Waste Management
NSIL,Asset Management
NSLNISP,Steel
NTPC,Utilities—Regulated Electric
NUCLEUS,Software—Application
NURECA,Medical Devices
NUVAMA,Asset Management
NUVOCO,Building Materials
NYKAA,Internet Retail
OAL,Specialty Chemicals
OBCL,Trucking
OBEROIRLTY,Real Estate—Development
OCCL,Chemicals
OFSS,Software—Infrastructure
OIL,Oil & Gas E&P
OILCOUNTUB,Oil & Gas Equipment & Services
OLECTRA,Farm & Heavy Construction Machinery
OMAXAUTO,Auto Parts
OMAXE,Real Estate—Development
OMINFRAL,Engineering & Construction
OMKARCHEM,Specialty Chemicals
ONELIFECAP,Capital Markets
ONEPOINT,Specialty Business Services
ONGC,Oil & Gas Integrated
ONMOBILE,Telecom Services
ONWARDTEC,Information Technology Services
OPTIEMUS,Electronics & Computer Distribution
ORBTEXP,Textile Manufacturing
ORCHPHARMA,Drug Manufacturers—Specialty & Generic
ORICONENT,Packaging & Containers
ORIENTALTL,Building Products & Equipment
ORIENTBELL,Building Products & Equipment
ORIENTCEM,Building Materials
ORIENTCER,Specialty Chemicals
ORIENTELEC,"Furnishings, Fixtures & Appliances"
ORIENTHOT,Lodging
ORIENTLTD,Packaging & Containers
ORIENTPPR,Paper & Paper Products
ORISSAMINE,Other Industrial Metals & Mining
ORTEL,Entertainment
ORTINLAB,Drug Manufacturers—Specialty & Generic
OSIAHYPER,Department Stores
OSWALAGRO,Real Estate—Development
OSWALGREEN,Asset Management
OSWALSEEDS,Agricultural Inputs
PAGEIND,Apparel Manufacturing
PAISALO,Credit Services
PAKKA,Paper & Paper Products
PALASHSECU,Packaged Foods
PALREDTEC,Consumer Electronics
PANACEABIO,Biotechnology
PANACHE,Communication Equipment
PANAMAPET,Oil & Gas Refining & Marketing
PANSARI,Real Estate—Development
PAR,Drug Manufacturers—Specialty & Generic
PARACABLES,Communication Equipment
PARADEEP,Agricultural Inputs
PARAGMILK,Packaged Foods
PARAS,Aerospace & Defense
PARASPETRO,Textile Manufacturing
PARKHOTELS,Lodging
PARSVNATH,Real Estate—Development
PASUPTAC,Textile Manufacturing
PATANJALI,Packaged Foods
PATELENG,Engineering & Construction
PATINTLOG,Integrated Freight & Logistics
PAVNAIND,Auto Parts
PAYTM,Software—Infrastructure
PCBL,Specialty Chemicals
PCJEWELLER,Luxury Goods
PDMJEPAPER,Paper & Paper Products
PDSL,Specialty Business Services
PEARLPOLY,Packaging & Containers
PEL,Financial Conglomerates
PENIND,Specialty Industrial Machinery
PENINLAND,Real Estate—Development
PERSISTENT,Information Technology Services
PETRONET,Oil & Gas Refining & Marketing
PFC,Credit Services
PFIZER,Drug Manufacturers—General
PFOCUS,Entertainment
PFS,Credit Services
PGEL,Electronic Components
PGHH,Household & Personal Products
PGHL,Drug Manufacturers—Specialty & Generic
PGIL,Apparel Manufacturing
PHOENIXLTD,Real Estate—Diversified
PIDILITIND,Specialty Chemicals
PIGL,Engineering & Construction
PIIND,Agricultural Inputs
PILANIINVS,Asset Management
PILITA,"Furnishings, Fixtures & Appliances"
PIONEEREMB,Textile Manufacturing
PITTIENG,Metal Fabrication
PIXTRANS,Specialty Industrial Machinery
PKTEA,Farm Products
PLASTIBLEN,Specialty Chemicals
PLAZACABLE,Electrical Equipment & Parts
PNB,Banks—Regional
PNBGILTS,Capital Markets
PNBHOUSING,Mortgage Finance
PNC,Entertainment
PNCINFRA,Engineering & Construction
POCL,Specialty Chemicals
PODDARHOUS,Real Estate—Development
PODDARMENT,Specialty Chemicals
POKARNA,Building Products & Equipment
POLICYBZR,Insurance Brokers
POLYCAB,Electrical Equipment & Parts
POLYMED,Medical Instruments & Supplies
POLYPLEX,Specialty Chemicals
PONNIERODE,Confectioners
POONAWALLA,Credit Services
POWERGRID,Utilities—Regulated Electric
POWERINDIA,Electronic Components
POWERMECH,Engineering & Construction
PPAP,Auto Parts
PPL,Building Products & Equipment
PPLPHARMA,Drug Manufacturers—Specialty & Generic
PRAENG,Real Estate—Development
PRAJIND,Engineering & Construction
PRAKASH,Steel
PRAKASHSTL,Steel
PRAXIS,Specialty Retail
PRECAM,Auto Parts
PRECOT,Textile Manufacturing
PRECWIRE,Electrical Equipment & Parts
PREMEXPLN,Specialty Chemicals
PREMIER,Specialty Industrial Machinery
PREMIERPOL,Specialty Chemicals
PRESTIGE,Real Estate—Diversified
PRICOLLTD,Auto Parts
PRIMESECU,Capital Markets
PRINCEPIPE,Building Products & Equipment
PRITI,"Furnishings, Fixtures & Appliances"
PRITIKAUTO,Specialty Industrial Machinery
PRIVISCL,Specialty Chemicals
PROZONER,Real Estate—Diversified
PRSMJOHNSN,Building Materials
PRUDENT,Asset Management
PRUDMOULI,
PSB,Banks—Regional
PSPPROJECT,Engineering & Construction
PTC,Utilities—Independent Power Producers
PTCIL,Metal Fabrication
PTL,Real Estate Services
PUNJABCHEM,Chemicals
PURVA,Real Estate—Development
PVP,Conglomerates
PVRINOX,Entertainment
PYRAMID,Packaging & Containers
QUESS,Staffing & Employment Services
QUICKHEAL,Software—Application
QUINTEGRA,Information Technology Services
RACE,Waste Management
RADAAN,Entertainment
RADHIKAJWE,Luxury Goods
RADIANTCMS,Specialty Business Services
RADICO,Beverages—Wineries & Distilleries
RADIOCITY,Broadcasting
RAILTEL,Telecom Services
RAIN,Chemicals
RAINBOW,Medical Care Facilities
RAJESHEXPO,Luxury Goods
RAJMET,Copper
RAJRATAN,Steel
RAJRILTD,Textile Manufacturing
RAJSREESUG,Confectioners
RAJTV,Broadcasting
RAJVIR,Textile Manufacturing
RALLIS,Agricultural Inputs
RAMANEWS,Paper & Paper Products
RAMAPHO,Agricultural Inputs
RAMASTEEL,Steel
RAMCOCEM,Building Materials
RAMCOIND,Building Products & Equipment
RAMCOSYS,Software—Application
RAMKY,Engineering & Construction
RAMRAT,Electrical Equipment & Parts
RANASUG,Confectioners
RANEENGINE,Auto Parts
RANEHOLDIN,Auto Parts
RATEGAIN,Software—Application
RATNAMANI,Steel
RATNAVEER,Steel
RAYMOND,Textile Manufacturing
RBA,Restaurants
RBL,Auto Parts
RBLBANK,Banks—Regional
RBZJEWEL,Luxury Goods
RCF,Agricultural Inputs
RCOM,Telecom Services
RECLTD,Credit Services
REDINGTON,Information Technology Services
REDTAPE,Footwear & Accessories
REFEX,Thermal Coal
REGENCERAM,Building Products & Equipment
RELAXO,Footwear & Accessories
RELCHEMQ,Textile Manufacturing
RELIANCE,Oil & Gas Refining & Marketing
RELIGARE,Insurance—Life
RELINFRA,Utilities—Independent Power Producers
REMSONSIND,Auto Parts
RENUKA,Confectioners
REPCOHOME,Mortgage Finance
REPL,Consulting Services
REPRO,Specialty Business Services
RESPONIND,Specialty Chemicals
RGL,Luxury Goods
RHFL,Mortgage Finance
RHIM,Metal Fabrication
RHL,Lodging
RICOAUTO,Auto Parts
RIIL,Engineering & Construction
RISHABH,Scientific & Technical Instruments
RITCO,Integrated Freight & Logistics
RITES,Engineering & Construction
RKDL,Beverages—Wineries & Distilleries
RKEC,Engineering & Construction
RKFORGE,Tools & Accessories
RML,Auto Parts
ROHLTD,Lodging
ROLEXRINGS,Metal Fabrication
ROLLT,Conglomerates
ROLTA,Information Technology Services
ROML,
ROSSARI,Specialty Chemicals
ROSSELLIND,Conglomerates
ROTO,Specialty Industrial Machinery
ROUTE,Telecom Services
RPGLIFE,Drug Manufacturers—Specialty & Generic
RPOWER,Utilities—Independent Power Producers
RPPINFRA,Engineering & Construction
RPPL,Packaging & Containers
RPSGVENT,Information Technology Services
RPTECH,Electronics & Computer Distribution
RRKABEL,Electrical Equipment & Parts
RSSOFTWARE,Information Technology Services
RSWM,Textile Manufacturing
RSYSTEMS,Information Technology Services
RTNINDIA,Internet Retail
RTNPOWER,Utilities—Renewable
RUBYMILLS,Textile Manufacturing
RUCHINFRA,Specialty Business Services
RUCHIRA,Paper & Paper Products
RUPA,Apparel Manufacturing
RUSHIL,"Furnishings, Fixtures & Appliances"
RUSTOMJEE,Real Estate—Development
RVHL,Real Estate—Development
RVNL,Engineering & Construction
S&SPOWER,Electrical Equipment & Parts
SABEVENTS,Publishing
SADBHAV,Engineering & Construction
SADBHIN,Engineering & Construction
SADHNANIQ,
SAFARI,Footwear & Accessories
SAGARDEEP,Copper
SAGCEM,Building Materials
SAH,Packaging & Containers
SAHYADRI,Building Products & Equipment
SAIL,Steel
SAKAR,Drug Manufacturers—Specialty & Generic
SAKHTISUG,Confectioners
SAKSOFT,Information Technology Services
SAKUMA,Farm Products
SALASAR,Steel
SALONA,Textile Manufacturing
SALSTEEL,Steel
SALZERELEC,Electrical Equipment & Parts
SAMBHAAV,Publishing
SAMHI,Lodging
SAMPANN,Specialty Chemicals
SANCO,Electrical Equipment & Parts
SANDESH,Publishing
SANDHAR,Auto Parts
SANDUMA,Steel
SANGAMIND,Textile Manufacturing
SANGHIIND,Building Materials
SANGHVIMOV,Rental & Leasing Services
SANGINITA,Chemicals
SANOFI,Drug Manufacturers—General
SANSERA,Metal Fabrication
SANWARIA,Farm Products
SAPPHIRE,Restaurants
SARDAEN,Steel
SAREGAMA,Entertainment
SARLAPOLY,Textile Manufacturing
SARVESHWAR,Packaged Foods
SASKEN,Information Technology Services
SASTASUNDR,Pharmaceutical Retailers
SATIA,Paper & Paper Products
SATIN,Credit Services
SATINDLTD,
SAURASHCEM,Building Materials
SBC,Conglomerates
SBCL,Metal Fabrication
SBFC,Credit Services
SBGLP,Real Estate—Development
SBICARD,Credit Services
SBILIFE,Insurance—Life
SBIN,Banks—Regional
SCHAEFFLER,Auto Parts
SCHAND,Publishing
SCHNEIDER,Electrical Equipment & Parts
SCI,Marine Shipping
SCPL,Packaged Foods
SDBL,Beverages—Brewers
SEAMECLTD,Marine Shipping
SECMARK,Consulting Services
SECURCRED,Specialty Business Services
SECURKLOUD,Software—Application
SEJALLTD,Building Products & Equipment
SELAN,Oil & Gas E&P
SELMC,Textile Manufacturing
SEMAC,Farm & Heavy Construction Machinery
SENCO,Luxury Goods
SEPC,Engineering & Construction
SEQUENT,Drug Manufacturers—Specialty & Generic
SERVOTECH,
SESHAPAPER,Paper & Paper Products
SETCO,Auto Parts
SETUINFRA,Engineering & Construction
SEYAIND,Specialty Chemicals
SFL,"Furnishings, Fixtures & Appliances"
SGIL,Metal Fabrication
SGL,Textile Manufacturing
SHAH,Steel
SHAHALLOYS,Steel
SHAILY,Specialty Chemicals
SHAKTIPUMP,Specialty Industrial Machinery
SHALBY,Medical Care Facilities
SHALPAINTS,Specialty Chemicals
SHANKARA,Home Improvement Retail
SHANTI,Farm Products
SHANTIGEAR,Specialty Industrial Machinery
SHARDACROP,Agricultural Inputs
SHARDAMOTR,Auto Parts
SHAREINDIA,Capital Markets
SHEMAROO,Entertainment
SHILPAMED,Drug Manufacturers—Specialty & Generic
SHIVALIK,
SHIVAMAUTO,Auto Parts
SHIVAMILLS,Textile Manufacturing
SHIVATEX,Textile Manufacturing
SHK,Specialty Chemicals
SHOPERSTOP,Department Stores
SHRADHA,Real Estate Services
SHREDIGCEM,Building Materials
SHREECEM,Building Materials
SHREEPUSHK,Specialty Chemicals
SHREERAMA,Packaging & Containers
SHRENIK,Paper & Paper Products
SHREYANIND,Paper & Paper Products
SHREYAS,Marine Shipping
SHRIPISTON,Auto Parts
SHRIRAMFIN,Credit Services
SHRIRAMPPS,Real Estate—Development
SHYAMCENT,Steel
SHYAMMETL,Steel
SHYAMTEL,Communication Equipment
SICALLOG,Integrated Freight & Logistics
SIEMENS,Specialty Industrial Machinery
SIGACHI,Drug Manufacturers—Specialty & Generic
SIGIND,Specialty Chemicals
SIGMA,Information Technology Services
SIGNATURE,Real Estate—Development
SIGNPOST,Advertising Agencies
SIKKO,Agricultural Inputs
SIL,Textile Manufacturing
SILGO,Luxury Goods
SILGO-RE,
SILINV,Asset Management
SILLYMONKS,Entertainment
SILVERTUC,Information Technology Services
SIMBHALS,Confectioners
SIMPLEXINF,Engineering & Construction
SINDHUTRAD,Conglomerates
SINTERCOM,Auto Parts
SIRCA,Specialty Chemicals
SIS,Security & Protection Services
SITINET,Entertainment
SIYSIL,Textile Manufacturing
SJS,Auto Parts
SJVN,Utilities—Renewable
SKFINDIA,Tools & Accessories
SKIL,Engineering & Construction
SKIPPER,Engineering & Construction
SKMEGGPROD,Packaged Foods
SKYGOLD,Luxury Goods
SMARTLINK,Communication Equipment
SMCGLOBAL,Capital Markets
SMLISUZU,Auto Manufacturers
SMLT,Metal Fabrication
SMSLIFE,Biotechnology
SMSPHARMA,Drug Manufacturers—General
SNOWMAN,Integrated Freight & Logistics
SOBHA,Real Estate—Development
SOFTTECH,Software—Application
SOLARA,Drug Manufacturers—Specialty & Generic
SOLARINDS,Specialty Chemicals
SOMANYCERA,Building Products & Equipment
SOMATEX,Textile Manufacturing
SOMICONVEY,Specialty Industrial Machinery
SONACOMS,Auto Parts
SONAMLTD,"Furnishings, Fixtures & Appliances"
SONATSOFTW,Information Technology Services
SOTL,Specialty Chemicals
SOUTHBANK,Banks—Regional
SOUTHWEST,Oil & Gas Equipment & Services
SPAL,Apparel Manufacturing
SPANDANA,Credit Services
SPARC,Drug Manufacturers—Specialty & Generic
SPCENET,Capital Markets
SPECIALITY,Restaurants
SPENCERS,Department Stores
SPIC,Agricultural Inputs
SPLIL,Apparel Manufacturing
SPLPETRO,Specialty Chemicals
SPMLINFRA,Engineering & Construction
SPORTKING,Textile Manufacturing
SPTL,Auto Parts
SPYL,Textile Manufacturing
SREEL,Footwear & Accessories
SRF,Specialty Chemicals
SRGHFL,Mortgage Finance
SRHHYPOLTD,Chemicals
SRPL,Farm Products
SSWL,Auto Parts
STAR,Drug Manufacturers—Specialty & Generic
STARCEMENT,Building Materials
STARHEALTH,Insurance—Diversified
STARPAPER,Paper & Paper Products
STARTECK,Credit Services
STCINDIA,Conglomerates
STEELCAS,Steel
STEELCITY,Capital Markets
STEELXIND,Steel
STEL,Farm Products
STERTOOLS,Tools & Accessories
STLTECH,Electrical Equipment & Parts
STOVEKRAFT,"Furnishings, Fixtures & Appliances"
STYLAMIND,"Furnishings, Fixtures & Appliances"
STYRENIX,Chemicals
SUBEXLTD,Software—Application
SUBROS,Auto Parts
SUDARSCHEM,Specialty Chemicals
SUKHJITS,Specialty Chemicals
SULA,Beverages—Wineries & Distilleries
SUMEETINDS,Textile Manufacturing
SUMICHEM,Agricultural Inputs
SUMIT,Real Estate—Development
SUMMITSEC,Capital Markets
SUNCLAY,Metal Fabrication
SUNDARAM,Paper & Paper Products
SUNDARMFIN,Credit Services
SUNDARMHLD,Specialty Business Services
SUNDRMBRAK,Auto Parts
SUNDRMFAST,Auto Parts
SUNFLAG,Steel
SUNPHARMA,Drug Manufacturers—Specialty & Generic
SUNTECK,Real Estate—Development
SUNTV,Broadcasting
SUPERHOUSE,Footwear & Accessories
SUPERSPIN,Textile Manufacturing
SUPRAJIT,Auto Parts
SUPREMEENG,Steel
SUPREMEIND,Building Products & Equipment
SUPREMEINF,Engineering & Construction
SUPRIYA,Biotechnology
SURAJEST,Real Estate—Development
SURANASOL,Solar
SURANAT&P,Utilities—Independent Power Producers
SURYALAXMI,Textile Manufacturing
SURYAROSNI,Steel
SURYODAY,Banks—Regional
SUTLEJTEX,Textile Manufacturing
SUULD,Apparel Retail
SUVEN,Drug Manufacturers—Specialty & Generic
SUVENPHAR,Drug Manufacturers—Specialty & Generic
SUVIDHAA,Information Technology Services
SUZLON,Specialty Industrial Machinery
SVLL,Trucking
SVPGLOB,Textile Manufacturing
SWANENERGY,Textile Manufacturing
SWARAJENG,Auto Parts
SWELECTES,Solar
SWSOLAR,Solar
SYMPHONY,"Furnishings, Fixtures & Appliances"
SYNCOMF,Drug Manufacturers—Specialty & Generic
SYNGENE,Biotechnology
SYRMA,Electronic Components
TAINWALCHM,Specialty Chemicals
TAJGVK,Lodging
TAKE,Biotechnology
TALBROAUTO,Auto Parts
TANLA,Software—Application
TARAPUR,Specialty Industrial Machinery
TARC,Real Estate—Development
TARMAT,Engineering & Construction
TARSONS,Medical Instruments & Supplies
TASTYBITE,Packaged Foods
TATACHEM,Chemicals
TATACOMM,Telecom Services
TATACONSUM,Packaged Foods
TATAELXSI,Software—Application
TATAINVEST,Capital Markets
TATAMOTORS,Auto Manufacturers
TATAMTRDVR,Auto Manufacturers
TATAPOWER,Utilities—Independent Power Producers
TATASTEEL,Steel
TATATECH,Information Technology Services
TATVA,Specialty Chemicals
TBZ,Luxury Goods
TCI,Integrated Freight & Logistics
TCIEXP,Integrated Freight & Logistics
TCIFINANCE,Credit Services
TCLCONS,Engineering & Construction
TCNSBRANDS,Apparel Manufacturing
TCPLPACK,Packaging & Containers
TCS,Information Technology Services
TDPOWERSYS,Specialty Industrial Machinery
TEAMLEASE,Staffing & Employment Services
TECHIN,Real Estate—Development
TECHM,Information Technology Services
TECHNOE,Engineering & Construction
TECILCHEM,Shell Companies
TEGA,Specialty Industrial Machinery
TEJASNET,Communication Equipment
TEMBO,Metal Fabrication
TERASOFT,Information Technology Services
TEXINFRA,Real Estate Services
TEXMOPIPES,Building Products & Equipment
TEXRAIL,Specialty Industrial Machinery
TFCILTD,Credit Services
TFL,Mortgage Finance
TGBHOTELS,Lodging
THANGAMAYL,Luxury Goods
THEINVEST,Capital Markets
THEJO,Specialty Industrial Machinery
THEMISMED,Drug Manufacturers—Specialty & Generic
THERMAX,Specialty Industrial Machinery
THOMASCOOK,Travel Services
THOMASCOTT,Textile Manufacturing
THYROCARE,Diagnostics & Research
TI,Beverages—Wineries & Distilleries
TIDEWATER,Specialty Chemicals
TIIL,Tools & Accessories
TIINDIA,Conglomerates
TIJARIA,Building Products & Equipment
TIL,Farm & Heavy Construction Machinery
TIMESGTY,Asset Management
TIMETECHNO,Packaging & Containers
TIMKEN,Tools & Accessories
TIPSFILMS,Entertainment
TIPSINDLTD,Entertainment
TIRUMALCHM,Specialty Chemicals
TIRUPATIFL,Metal Fabrication
TITAGARH,Railroads
TITAN,Luxury Goods
TMB,Banks—Regional
TNPETRO,Specialty Chemicals
TNPL,Paper & Paper Products
TNTELE,Communication Equipment
TOKYOPLAST,Packaging & Containers
TORNTPHARM,Drug Manufacturers—Specialty & Generic
TORNTPOWER,Utilities—Independent Power Producers
TOTAL,Integrated Freight & Logistics
TOUCHWOOD,Advertising Agencies
TPHQ,Engineering & Construction
TPLPLASTEH,Packaging & Containers
TRACXN,Software—Application
TREEHOUSE,Education & Training Services
TREJHARA,Software—Application
TREL,Real Estate Services
TRENT,Apparel Retail
TRF,Specialty Industrial Machinery
TRIDENT,Textile Manufacturing
TRIGYN,Information Technology Services
TRIL,Electrical Equipment & Parts
TRITURBINE,Specialty Industrial Machinery
TRIVENI,Confectioners
TRU,Credit Services
TTKHLTCARE,Drug Manufacturers—General
TTKPRESTIG,"Furnishings, Fixtures & Appliances"
TTL,Textile Manufacturing
TTML,Telecom Services
TV18BRDCST,Broadcasting
TVSELECT,Computer Hardware
TVSHLTD,Auto Parts
TVSMOTOR,Auto Manufacturers
TVSSCS,Integrated Freight & Logistics
TVSSRICHAK,Auto Parts
TVTODAY,Broadcasting
TVVISION,Broadcasting
UBL,Beverages—Brewers
UCAL,Auto Parts
UCOBANK,Banks—Regional
UDS,Specialty Business Services
UFLEX,Packaging & Containers
UFO,Entertainment
UGARSUGAR,Confectioners
UGROCAP,Credit Services
UJJIVAN,Credit Services
UJJIVANSFB,Banks—Regional
ULTRACEMCO,Building Materials
UMAEXPORTS,Farm Products
UMANGDAIRY,Packaged Foods
UMESLTD,Education & Training Services
UNICHEMLAB,Drug Manufacturers—Specialty & Generic
UNIDT,Oil & Gas Equipment & Services
UNIENTER,Chemicals
UNIINFO,Telecom Services
UNIONBANK,Banks—Regional
UNIPARTS,Farm & Heavy Construction Machinery
UNITECH,Real Estate—Diversified
UNITEDPOLY,Textile Manufacturing
UNITEDTEA,Farm Products
UNIVAFOODS,Shell Companies
UNIVASTU,Engineering & Construction
UNIVCABLES,Electrical Equipment & Parts
UNIVPHOTO,Medical Devices
UNOMINDA,Auto Parts
UPL,Agricultural Inputs
URAVI,Auto Parts
URJA,Solar
USHAMART,Steel
USK,Engineering & Construction
UTIAMC,Asset Management
UTKARSHBNK,Banks—Regional
UTTAMSUGAR,Confectioners
V2RETAIL,Apparel Retail
VADILALIND,Packaged Foods
VAIBHAVGBL,Luxury Goods
VAISHALI,Drug Manufacturers—Specialty & Generic
VAKRANGEE,Information Technology Services
VALIANTLAB,Drug Manufacturers—Specialty & Generic
VALIANTORG,Chemicals
VARDHACRLC,Textile Manufacturing
VARDMNPOLY,Textile Manufacturing
VARROC,Auto Parts
VASCONEQ,Engineering & Construction
VASWANI,Steel
VBL,Beverages—Non-Alcoholic
VCL,Textile Manufacturing
VEDL,Other Industrial Metals & Mining
VENKEYS,Farm Products
VENUSPIPES,Steel
VENUSREM,Drug Manufacturers—Specialty & Generic
VERANDA,Education & Training Services
VERTOZ,Advertising Agencies
VESUVIUS,Specialty Industrial Machinery
VETO,Electrical Equipment & Parts
VGUARD,Electrical Equipment & Parts
VHL,Credit Services
VIDHIING,Specialty Chemicals
VIJAYA,Diagnostics & Research
VIJIFIN,Credit Services
VIKASECO,Specialty Chemicals
VIKASLIFE,Farm Products
VIMTALABS,Diagnostics & Research
VINATIORGA,Specialty Chemicals
VINDHYATEL,Engineering & Construction
VINEETLAB,Chemicals
VINNY,Textile Manufacturing
VINYLINDIA,Specialty Chemicals
VIPCLOTHNG,Apparel Manufacturing
VIPIND,Footwear & Accessories
VIPULLTD,Real Estate—Diversified
VIRINCHI,Software—Application
VISAKAIND,Building Products & Equipment
VISASTEEL,Steel
VISESHINFO,Information Technology Services
VISHNU,Specialty Chemicals
VISHWARAJ,Confectioners
VIVIDHA,Textile Manufacturing
VLEGOV,Integrated Freight & Logistics
VLSFINANCE,Capital Markets
VMART,Department Stores
VOLTAMP,Electrical Equipment & Parts
VOLTAS,Specialty Industrial Machinery
VPRPL,Engineering & Construction
VRLLOG,Trucking
VSSL,Steel
VSTIND,Tobacco
VSTL,Steel
VSTTILLERS,Farm & Heavy Construction Machinery
VTL,Textile Manufacturing
WABAG,Engineering & Construction
WALCHANNAG,Engineering & Construction
WANBURY,Drug Manufacturers—Specialty & Generic
WEALTH,Capital Markets
WEBELSOLAR,Solar
WEIZMANIND,Textile Manufacturing
WEL,"Furnishings, Fixtures & Appliances"
WELCORP,Steel
WELENT,Engineering & Construction
WELINV,Capital Markets
WELSPUNLIV,Textile Manufacturing
WENDT,Tools & Accessories
WESTLIFE,Restaurants
WEWIN,Information Technology Services
WHEELS,Auto Parts
WHIRLPOOL,"Furnishings, Fixtures & Appliances"
WILLAMAGOR,Credit Services
WINDLAS,Drug Manufacturers—Specialty & Generic
WINDMACHIN,Specialty Industrial Machinery
WINSOME,Textile Manufacturing
WIPL,Lumber & Wood Production
WIPRO,Information Technology Services
WOCKPHARMA,Drug Manufacturers—Specialty & Generic
WONDERLA,Leisure
WORTH,Packaging & Containers
WSI,Electrical Equipment & Parts
WSTCSTPAPR,Paper & Paper Products
XCHANGING,Information Technology Services
XELPMOC,Information Technology Services
XPROINDIA,Specialty Chemicals
YAARI,Credit Services
YASHO,Specialty Chemicals
YATHARTH,Medical Care Facilities
YATRA,Travel Services
YESBANK,Banks—Regional
YUKEN,Specialty Industrial Machinery
ZAGGLE,Software—Infrastructure
ZEEL,Broadcasting
ZEELEARN,Education & Training Services
ZEEMEDIA,Broadcasting
ZENITHEXPO,Textile Manufacturing
ZENITHSTL,Steel
ZENSARTECH,Information Technology Services
ZENTEC,Aerospace & Defense
ZFCVINDIA,Auto Parts
ZIMLAB,Drug Manufacturers—Specialty & Generic
ZODIAC,
ZODIACLOTH,Apparel Manufacturing
ZOMATO,Internet Retail
ZOTA,Biotechnology
ZUARI,Agricultural Inputs
ZUARIIND,Conglomerates
ZYDUSLIFE,Drug Manufacturers—Specialty & Generic
ZYDUSWELL,Packaged Foods
